{"key_feature": "observed position of agent_4 at scene time 103 at the 19 timestamp", 
"extracted_info": [[-0.329, 87.51], [-0.303, 88.75], [-0.28, 90.18], [-0.244, 91.56], [-0.217, 92.81], [-0.191, 94.25], [-0.152, 95.56], [-0.115, 97.04], [-0.0686, 98.4], [-0.0555, 99.74], [-0.0315, 101.09], [0.00118, 102.61], [0.024, 103.94], [0.0354, 105.37], [0.0613, 106.87], [0.0941, 108.22], [0.122, 109.69], [0.146, 111.17], [0.188, 112.56], [0.228, 114.11]], 
"shap_score": 4.450988,
"quantitative_value": 0, 
"ground_truth": 0
}