{"dimension": "x","key_feature": "observed position of agent_4 at scene time 22 at the 19 timestamp","extracted_info": [[3.67,39.01],[3.67,39.04],[3.68,39.09],[3.68,39.12],[3.69,39.17],[3.7,39.23],[3.7,39.31],[3.71,39.38],[3.72,39.44],[3.72,39.54],[3.73,39.66],[3.72,39.73],[3.73,39.85],[3.74,39.97],[3.74,40.1],[3.75,40.25],[3.74,40.36],[3.74,40.56],[3.75,40.77],[3.75,40.94]],
"shap_score": 3.179986,"quantitative_value": 0.049999999999998934,"ground_truth": 0.05}