{"dimension": "y", "key_feature": "observed position of agent_4 at scene time 87 at the 19 timestamp","extracted_info": [[2.18,121.35],[2.22,123.13],[2.25,124.71],[2.27,126.4],[2.29,128.03],[2.3,129.67],[2.32,131.35],[2.33,133.05],[2.35,134.72],[2.36,136.41],[2.39,138.09],[2.41,139.84],[2.42,141.56],[2.46,143.19],[2.5,144.96],[2.52,146.64],[2.55,148.28],[2.58,150.04],[2.61,151.74],[2.65,153.35]],
"shap_score": 4.06436,"quantitative_value": 16.55000000000001,"ground_truth": 16.55}