{"dimension": "y","key_feature": "observed position of agent_4 at scene time 122 at the 19 timestamp","extracted_info": [[3.04,179.35],[3.05,180.27],[3.07,181.31],[3.09,182.29],[3.09,183.21],[3.13,184.14],[3.16,185.17],[3.21,186.18],[3.25,187.17],[3.27,188.16],[3.31,189.15],[3.34,190.12],[3.37,191.22],[3.37,192.24],[3.4,193.19],[3.42,194.19],[3.44,195.22],[3.44,196.32],[3.46,197.33],[3.46,198.29]],
"shap_score": 2.97207,"quantitative_value": 9.849999999999994,"ground_truth": 9.85}