{"dimension": "y","key_feature": "observed position of agent_4 at scene time 21 at the 19 timestamp","extracted_info": [[-4.01,8.04],[-3.41,9.13],[-2.87,10.15],[-2.32,11.18],[-1.69,12.36],[-1.13,13.4],[-0.519,14.54],[0.0519,15.62],[0.611,16.66],[1.2,17.84],[1.75,18.84],[2.32,19.92],[2.85,20.91],[3.44,22.04],[4.02,23.1],[4.58,24.15],[5.12,25.16],[5.66,26.15],[6.2,27.19],[6.76,28.23]],
"shap_score": 4.485651,"quantitative_value": 10.40000000000001,"ground_truth": 10.4}