{"dimension": "y", "key_feature": "observed position of agent_4 at scene time 20 at the 19 timestamp","extracted_info": [[26.47,41.25],[26.37,40.98],[26.19,40.67],[26.05,40.37],[25.83,39.95],[25.59,39.43],[25.28,38.85],[25.09,38.51],[25.1,38.46],[24.94,38.08],[24.71,37.68],[24.54,37.33],[24.4,37.0],[24.22,36.71],[23.97,36.28],[23.78,35.89],[23.59,35.5],[23.3,34.95],[23.09,34.56],[22.85,34.12]],
"shap_score": 4.409834,"quantitative_value": -4.150000000000027,"ground_truth": 4.15}