{"dimension": "y","key_feature": "observed position of agent_4 at scene time 123 at the 19 timestamp","extracted_info": [[8.55,7.69],[8.27,7.29],[8.07,6.92],[7.79,6.36],[7.51,5.81],[7.23,5.33],[6.9,4.77],[6.71,4.35],[6.46,3.9],[6.17,3.3],[5.73,2.57],[5.48,1.83],[5.0,1.15],[4.57,0.572],[4.19,-0.05],[3.73,-0.799],[3.37,-1.51],[3.0,-2.19],[2.63,-2.82],[2.19,-3.59]],
"shap_score": 4.50238,"quantitative_value": -6.999999999999999,"ground_truth": 7}