{"dimension": "x","key_feature": "observed position of agent_4 at scene time 121 at the 19 timestamp","extracted_info": [[2.41,-3.18],[1.99,-3.97],[1.64,-4.63],[1.21,-5.36],[0.699,-6.25],[0.225,-7.13],[-0.163,-7.86],[-0.631,-8.62],[-1.08,-9.43],[-1.54,-10.27],[-2.02,-11.07],[-2.51,-11.9],[-2.97,-12.7],[-3.47,-13.74],[-3.91,-14.7],[-4.33,-15.39],[-4.85,-16.37],[-5.35,-17.22],[-5.87,-18.18],[-6.29,-19.2]],
"shap_score": 4.754573,"quantitative_value": -4.700000000000002,"ground_truth": 4.7}