{"dimension": "x","key_feature": "observed position of agent_4 at scene time 100 at the 19 timestamp","extracted_info": [[0.692,19.23],[0.729,20.15],[0.769,21.1],[0.809,22.08],[0.856,22.94],[0.909,23.89],[0.962,24.92],[1.02,25.97],[1.07,26.98],[1.13,28.03],[1.18,29.16],[1.23,30.22],[1.27,31.36],[1.32,32.48],[1.37,33.55],[1.44,34.76],[1.52,35.95],[1.6,37.15],[1.67,38.29],[1.76,39.45]],
"shap_score": 3.969328,"quantitative_value": 0.7999999999999996,"ground_truth": 0.8}