{"dimension": "y","key_feature": "observed position of agent_4 at scene time 20 at the 19 timestamp","extracted_info": [[0.945,32.41],[0.961,33.89],[0.989,35.47],[1.01,36.86],[1.05,38.33],[1.07,39.85],[1.1,41.44],[1.15,42.93],[1.19,44.46],[1.24,46.07],[1.28,47.54],[1.33,49.08],[1.37,50.67],[1.41,52.28],[1.45,53.77],[1.47,55.45],[1.5,57.09],[1.54,58.59],[1.56,60.16],[1.59,61.75]],
"shap_score": 4.232357,"quantitative_value": 15.799999999999983,"ground_truth": 15.8}